"Species","Group","Median_S","LCI_S","UCI_S","Median_W","LCI_W","UCI_W","Median_diff","LCI_diff","UCI_diff"
"Eurasian Tree Sparrow",1,139,139,155.95125,363,196.7325,491.13125,-221.95,-352.13125,-57.7325
"Large-billed Crow",0,144.1,139,176,183.425,142,363.85625,-36.5,-216.665,29.45125
"Plumbeous Redstart",2,906,748,1182.37125,248.55,182.34125,323.3125,672.95,475.9425,962.35125
"White-capped Redstart",2,1084.5,951.6,1747.78,243,182,321.42,852.5,646.64,1502.91
"Ashy-throated Warbler",2,1682.4,1239.2625,1796.2,879.8,843.75,1122,752.65,334.1375,916.705
"Fire-breasted Flowerpecker",0,639.6,513.8575,863.5,695.3,505,874.84375,-14.275,-256.0525,269.5175
"Green-backed Tit",2,1026,1000.2,1100.00625,890,838.79,973,124.475,48.73875,217.2
"Indian White-eye",0,199.3,179,295.05875,166.05,140.3975,254.88,33,-58.06875,126.125
"Lemon-rumped Warbler",2,1234.5,1075.375,1393.625,489,489,489,745.5,586.375,904.625
"Chestnut-tailed Minla",0,1666.575,1244.3,1739,1304.4,1280.2,1458.3925,332.125,-71.0799999999997,451
"Green-tailed Sunbird",2,1739,1708.795,1739,883.6,605.55,971.18125,854.55,762.32,1133.1575
"Rufous-capped Babbler",2,595,507.72625,595,373.5,250.6,489,174.325,106,337.32375
"Rufous-vented Yuhina",2,1739,1739,1739,849,595,887.5625,890,851.4375,1144
"Blue-throated Barbet",1,46,44,75,110,88.04625,124.4025,-63.25,-78.5,-35
"Bronzed Drongo",0,202.4,143.24,304.39,141.3,125,168.72,62.75,-1.84,167.92
"Chestnut-bellied Nuthatch",2,257.9,177.19625,318.09,142,125,195.43375,118.1,30.6725,191.86875
"Common Hill Myna",0,99.3,90.0225,137.3,112.35,85.1825,125,-7.90000000000002,-28.0425,26.245
"Maroon Oriole",2,489.2,410.35,649.25,125,106.61,142,362.05,281.86625,520.17125
"Rusty-fronted Barwing",2,1100.45,1028.2,1232.075,489,488,489.21875,612.25,539.2,743.075
"Streaked Spiderhunter",2,389.5,260.785,501.25625,139.1,125,142,253.2,124.2,362.6075
"White-throated Bulbul",2,211.6,174.86,295.26,142,125,142,80.25,42.1,158.28
"Blue Whistling-Thrush",2,694.95,657.2,858.45125,379.75,306.73625,463.00375,324.35,217.91375,475.795
"White-throated Kingfisher",0,44,44,47.8175,69.4,45.05,87.82875,-24.85,-43.62625,0.00874999999999847
"Great Barbet",2,440.275,417.49375,500.205,324.65,241.9875,437.6125,123.475,3.78499999999996,212.7075
"Orange-bellied Leafbird",2,364,307.55,442.79,207.4,143.2,311.9125,150.9,26.55,268.03
"Red-tailed Minla",2,1461.3,1421.4,1661.15125,506,489,712.49,954.75,752.155,1141.0625
"White-crested Laughingthrush",0,472,432.53125,498.96125,489,409.02375,489,-2.10000000000002,-53.9,73.3525
"Black Bulbul",2,474,430.5925,515,167,142,369.0775,302.45,90.1912500000001,364.2025
"Black-hooded Oriole",1,44,44,44.17,57,45.0825,90,-13,-46,-1.0325
"Black-throated Tit",0,1200.2,1103.25,1321.25,1087.85,1063.7,1276.01,94.175,-130.9375,231.93
"Golden-throated Barbet",2,615.425,499.335,681.2275,258.9,146.09375,515,331.875,89.045,525.9925
"Gray-hooded Warbler",0,559,489,666.1775,489,489,685.5625,56.8,-120.03125,174
"Mountain Bulbul",0,540,537.45,579.1575,551,490.95,633.44,-13.55,-93.8224999999999,74.12
"Spotted Dove",1,44,44,46.7,80,68,91.0025,-34.8,-47,-22.8975
"White-throated Fantail",0,122.2,89.595,139,130.5,109.795,143.05375,-7.25000000000001,-43.12375,17.2575
"Asian Pied Starling",0,75,51.49375,78.1075,63.1,46,81,5.87500000000001,-24.40625,29
"Beautiful Sibia",2,1719.2,1595,1739,668.2,527,880.3225,1022,832.0225,1200.57
"Black-throated Sunbird",2,509,417.41,515,331,188.095,478.865,169.55,16.965,313.875
"Bay Woodpecker",2,592.25,549,660.27,489,374.50875,489.10625,112.05,60,189.66
"Olive-backed Pipit",2,1405.95,1074,1789.40875,262.2,142,532.38,1148.8,743.65,1610.3225
"Small Niltava",2,577.3,417.7925,753,142,125,164,442.2,275.8,616.6
"Ashy Drongo",2,433,399.79625,490.2,125,111.7975,142,304.125,270.99125,371
"Hair-crested Drongo",0,99,98.9975,176.2175,114.775,94.82375,127.405,-13.05,-28,58.2075
"Red-vented Bulbul",1,86,75,104.95125,112,110,122.50375,-26,-38.8,-8
"Chestnut-crowned Laughingthrush",2,1739,1739,1739,1310.6,1128.22375,1447.71125,428.4,291.28875,610.77625
"Streak-breasted Scimitar-Babbler",0,1244.8,1100,1654.76375,1302.05,1148.1,1450.84625,-14.525,-261.6425,415.65375
"Striated Laughingthrush",0,1001,955.5,1084,816.925,489,1000,183.95,-20.80375,545.3025
"Rufous-winged Fulvetta",2,1698.125,1659.29375,1736.95625,877.5,835.225,919.775,820.625,817.18125,824.06875
"Blue-winged Minla",2,992.5,958.145,1128.335,217.5,157,489,773.8,501.7375,891.535
"Gray Bushchat",2,1259,1210.7425,1371,340.9,213.0925,533.2,915.6,718.94,1082.58125
"Gray-headed Canary-Flycatcher",2,515,454.04375,515,122.575,93.4,141.605,390,331.67625,421.0075
"Nepal Fulvetta",0,408.25,244.4825,475.9125,489,344.49,489,-76,-236.86,59.2775
"Russet Sparrow",0,1235.75,1201.3975,1320.61,1303.5,1268,1402,-68.3000000000001,-174.225,22.6400000000001
"White-tailed Nuthatch",0,1103,965.85,1373.76125,1301,604.8,1409.20375,-121.65,-376.9975,503.44875
"Himalayan Bulbul",0,439.5,359.19125,475.6025,430.725,373.39,523.435,-2.79999999999995,-114.71875,77.0225
"Oriental Turtle-Dove",2,1026,906,1158.35,308.7,180.85875,545.55125,708.975,448.0325,908.095
"Rufous Sibia",2,1396.8,1349.65,1468.1,653.95,569.58875,730.62125,750.025,650.38,883.6225
"Large Niltava",2,876.2,508.05,1084,288.6,142,489,538.975,141.76875,889.20625
"Greater Yellownape",2,242.8,178.7,318.96,142.4,126.44,203.96,93,10.7,180.45
"Black-crested Bulbul",2,165.875,158.37875,167.45125,125.4,121.7625,140.785,37.725,26.31375,41.64375
"Common Green-Magpie",2,430.6,317,447.9,256.3,207.175,376.1625,159.025,36.4125,228.28125
"Oriental Magpie-Robin",1,52,46,75.15375,110,102,112,-57,-64.95125,-28.695
"Common Myna",0,86.8,81.89875,99,102,81.0975,108.4025,-9.89999999999999,-22.4075,15.00125
"Common Tailorbird",0,101.7,51.6975,137,118.525,104.23875,140.005,-17.675,-67.9025,25
"Red-wattled Lapwing",0,81.05,79.3325,97.59,81.675,60.94625,90.0525,3.625,-9.40249999999999,28.38875
"Whiskered Yuhina",2,1246,1078.5,1336.055,489,489,492.01875,754.4,589.5,847.055
"Scarlet Minivet",2,409,313.4,437.0075,128.75,124.5275,142,275.325,177.38,307.50625
"White-collared Blackbird",2,2332,2305.84125,2378.50375,1563.5,1332.93125,1783.75375,761.15,556.265,1004.15875
"Blue-fronted Redstart",2,1941.6,1432.65,2331.3025,1067,898,1074,885.6,367.3,1274.4875
"Gray-backed Shrike",2,479.9,381.37125,569.27625,132.6,118,142,349.225,252.09375,441.05875
"Gray Treepie",1,409,337.28,440,518.5,489,647.7075,-116.75,-258.1375,-59
"Red-whiskered Bulbul",0,99.9,78.75,137,86.8,76,123.51,9.2,-34.1675,51.61
"Chestnut-tailed Starling",0,46,44,78.6075,80.25,66.91625,99.46125,-33,-52.75375,1.11499999999998
"Lesser Yellownape",2,317,306.04375,398.59125,142,140.4975,161.94375,175.05,144.6125,257.69375
"Chestnut-headed Tesia",2,1739,1739,1739,531,351,749.03,1208,989.97,1388
"Stripe-throated Yuhina",2,1739,1739,1739,881.2,848.71125,974.5,857.8,764.5,890.28875
"Whistler's Warbler",2,1739,1739,1739,305.175,162,489,1433.65,1250,1577
"Red-billed Chough",2,2266,2262.6,2310.1,2185,1854,2262.605,98.3000000000002,4,423.4
"Eurasian Nutcracker",2,2460.35,2359.45,2524,1811.8,1490.8,2356.75125,632.05,76.8775000000001,986.40625
"Yellow-billed Blue-Magpie",0,2024.4,1819.75,2089.275,1945.95,1903,2104.205,43.3999999999999,-193.63,178
"White-throated Laughingthrush",2,1701,1511.4225,1910.6475,1366.4,1184.2,1571.655,348.075,96.8487499999999,619.275
"Red-billed Leiothrix",2,1394.85,1326.47,1457.8175,948,873.1,1070.90375,450.15,283.095,547.69125
"Long-tailed Shrike",2,381.975,129.2,914.165,107.4,81.39875,110,280.35,24.34375,818.27625
"Black Drongo",1,44,44,46,79.1,46.39875,87,-34.9,-42.65875,-2.1
"House Sparrow",0,108.65,86.65,121,108,86.69625,112,0.125,-22.57375,24.76875
"Jungle Myna",1,44,44,44,73,46,84.6,-29,-40.6,-2
"Black-faced Laughingthrush",0,1739,1739,2465.7125,1739,1402.9325,1778,58.2,-25.5999999999999,788.3175
"Spotted Laughingthrush",0,1739,1739,2336.8775,2269.7,2140,2438,-512,-699,63.4799999999987
"Crimson Sunbird",0,123.175,47.28875,162.0225,134.4,113.18125,154.36,-17.275,-95.49625,39.1537499999999
"House Crow",0,108.05,86,112.85,102,85,109.50125,3.14999999999999,-22,24.45
"Rusty-cheeked Scimitar-Babbler",0,695,676.65,827.525,648.7,576.75,776,46.3,-91.35,225.15
"Jungle Babbler",1,44,44,44,81.075,46.36125,110,-37.075,-66,-2.36125
"Eurasian Collared-Dove",0,46,44.24,77.4,49.55,46.95,67.69,-1.8,-21.69,26.04
